year_month,risk_mean,risk_max,warning_days,n_days,Property_055_contrib_mean,Property_083_contrib_mean,Property_042_contrib_mean,Property_110_contrib_mean,Property_087_contrib_mean,Property_002_contrib_mean,Property_070_contrib_mean,Property_113_contrib_mean,Property_055_ratio_mean,Property_083_ratio_mean,Property_042_ratio_mean,Property_110_ratio_mean,Property_087_ratio_mean,Property_002_ratio_mean,Property_070_ratio_mean,Property_113_ratio_mean,Property_055_ratio_max,Property_083_ratio_max,Property_042_ratio_max,Property_110_ratio_max,Property_087_ratio_max,Property_002_ratio_max,Property_070_ratio_max,Property_113_ratio_max,consec_warning_months,risk_mean_delta,risk_mean_accel
2006-02,0.0,0.0,0,14,0.0,0.0,0.0,0.0,0.0,0.0,0.0,0.0,0.6353428571428571,0.0,0.0,0.7707428571428572,0.0,0.0,0.7317785714285714,0.6695714285714286,0.6645,0,0,0.9838,0,0,0.7893,0.7158,0,,
2006-03,0.0,0.0,0,31,0.0,0.0,0.0,0.0,0.0,0.0,0.0,0.0,0.6178290322580645,0.0,0.0,0.7320387096774194,0.0,0.0,0.6903612903225806,0.6443258064516129,0.6451,0,0,0.895,0,0,0.7188,0.6665,0,0.0,
2006-04,0.0,0.0,0,30,0.0,0.0,0.0,0.0,0.0,0.0,0.0,0.0,0.6244633333333333,0.0,0.0,0.5968966666666666,0.0,0.0,0.8015966666666666,0.7011933333333334,0.643,0,0,0.6855,0,0,0.865,0.7557,0,0.0,0.0
2006-05,0.6832258064516129,2.55,0,31,0.0,0.0,0.0,0.036290322580645164,0.0,0.0,0.0,0.0,0.6499709677419355,0.0,0.0,0.9140290322580645,0.0,0.0,0.8178903225806452,0.7432645161290322,0.7257,0,0,1.3511,0,0,0.9094,0.8174,0,0.6832258064516129,0.6832258064516129
2006-06,0.755,1.51,0,30,0.0,0.0,0.0,0.038843333333333334,0.0,0.0,0.0,0.0,0.6584766666666667,0.0,0.0,1.1010433333333334,0.0,0.0,0.8155933333333334,0.7607499999999999,0.7032,0,0,1.2477,0,0,0.8755,0.8094,0,0.0717741935483871,-0.6114516129032258
2006-07,0.006774193548387097,0.07,0,31,0.0,0.0,0.0,0.0004,0.0,0.0,0.0,0.0,0.6709258064516129,0.0,0.0,0.8704064516129033,0.0,0.0,0.8397548387096774,0.8220838709677419,0.6937,0,0,1.013,0,0,0.9055,0.862,0,-0.748225806451613,-0.8200000000000001
2006-08,0.0,0.0,0,31,0.0,0.0,0.0,0.0,0.0,0.0,0.0,0.0,0.6096290322580644,0.0,0.0,0.7189032258064516,0.0,0.0,0.6812451612903226,0.7001645161290323,0.6485,0,0,0.7942,0,0,0.741,0.7572,0,-0.006774193548387097,0.7414516129032258
2006-09,0.0,0.0,0,30,0.0,0.0,0.0,0.0,0.0,0.0,0.0,0.0,0.7162400000000001,0.0,0.0,0.7632966666666667,0.0,0.0,0.7053366666666666,0.70753,0.7612,0,0,0.8499,0,0,0.7217,0.7247,0,0.0,0.006774193548387097
2006-10,0.0006451612903225806,0.02,0,31,0.0,0.0,0.0,0.0,0.0,0.0,0.0,0.0,0.6070193548387096,0.0,0.0,0.5472225806451613,0.0,0.0,0.6878387096774193,0.645816129032258,0.7482,0,0,0.7916,0,0,0.8296,0.75,0,0.0006451612903225806,0.0006451612903225806
2006-11,0.0,0.0,0,30,0.0,0.0,0.0,0.0,0.0,0.0,0.0,0.0,0.7725666666666666,0.0,0.0,0.69115,0.0,0.0,0.7791266666666666,0.7345133333333334,0.813,0,0,0.8101,0,0,0.8164,0.7551,0,-0.0006451612903225806,-0.0012903225806451613
2006-12,0.04161290322580645,0.34,0,31,0.0,0.0,0.0,0.0026258064516129034,0.0,0.0,0.0,0.0,0.6785064516129032,0.0,0.0,0.7853322580645162,0.0,0.0,0.7456354838709677,0.6882612903225805,0.7486,0,0,1.0607,0,0,0.8092,0.7383,0,0.04161290322580645,0.04225806451612903
2007-01,0.014516129032258063,0.3,0,31,0.0,0.0,0.0,0.0009000000000000001,0.0,0.0,0.0,0.0,0.6897870967741935,0.0,0.0,0.8227548387096775,0.0,0.0,0.694683870967742,0.6261193548387097,0.7318,0,0,1.0528,0,0,0.7489,0.6787,0,-0.027096774193548386,-0.06870967741935484
2007-02,0.005357142857142857,0.15,0,28,0.0,0.0,0.0,0.00033214285714285713,0.0,0.0,0.0,0.0,0.6572214285714286,0.0,0.0,0.7268928571428572,0.0,0.0,0.6737321428571429,0.6194785714285714,0.6922,0,0,1.0263,0,0,0.7163,0.6629,0,-0.009158986175115206,0.01793778801843318
2007-03,0.6638709677419354,1.36,0,31,0.0,0.0,0.0,0.005048387096774193,0.0,0.0,0.0,0.0,0.6956838709677419,0.0,0.0,0.874941935483871,0.0,0.0,0.7599806451612904,0.7025516129032258,0.7831,0,0,1.0581,0,0,0.8249,0.7609,0,0.6585138248847926,0.6676728110599078
2007-04,0.08033333333333334,0.77,0,30,0.0,0.0,0.0,0.0,0.0,0.0,0.0,0.0,0.6573399999999999,0.0,0.0,0.6622066666666666,0.0,0.0,0.8070933333333333,0.7386133333333333,0.772,0,0,0.8128,0,0,0.8212,0.7781,0,-0.5835376344086021,-1.2420514592933947
2007-05,0.0,0.0,0,31,0.0,0.0,0.0,0.0,0.0,0.0,0.0,0.0,0.6189290322580645,0.0,0.0,0.7452516129032257,0.0,0.0,0.7536032258064516,0.6643612903225806,0.6369,0,0,0.8539,0,0,0.7924,0.6819,0,-0.08033333333333334,0.5032043010752687
2007-06,0.06866666666666667,0.59,0,30,0.0,0.0,0.0,0.0,0.0,0.0,0.0,0.0,0.6669466666666667,0.0,0.0,0.7539733333333333,0.0,0.0,0.7719733333333333,0.69252,0.7196,0,0,0.9958,0,0,0.8158,0.7521,0,0.06866666666666667,0.14900000000000002
2007-07,0.16838709677419353,0.63,0,31,0.0,0.0,0.0,0.001532258064516129,0.0,0.0,0.0,0.0,0.6811806451612904,0.0,0.0,0.7242612903225807,0.0,0.0,0.776174193548387,0.7229322580645161,0.7295,0,0,1.066,0,0,0.8249,0.7765,0,0.09972043010752686,0.031053763440860194
2007-08,1.0009677419354839,2.33,0,31,0.0,0.0,0.0,0.01826774193548387,0.0,0.0,0.0,0.0,0.7121741935483871,0.0,0.0,1.0304548387096775,0.0,0.0,0.8340354838709677,0.7887580645161291,0.8685,0,0,1.1734,0,0,0.9201,0.8746,0,0.8325806451612904,0.7328602150537635
2007-09,0.24966666666666668,1.27,0,30,0.0,0.0,0.0,0.0,0.0,0.0,0.0,0.0,0.7356433333333333,0.0,0.0,0.6573533333333333,0.0,0.0,0.74919,0.69531,0.8452,0,0,0.8168,0,0,0.8902,0.8385,0,-0.7513010752688172,-1.5838817204301074
2007-10,0.27225806451612905,1.26,0,31,0.0,0.0,0.0,0.005938709677419355,0.0,0.0,0.0,0.0,0.6151903225806451,0.0,0.0,0.7219870967741935,0.0,0.0,0.6412516129032257,0.5758516129032258,0.854,0,0,1.0926,0,0,0.8265,0.7362,0,0.022591397849462375,0.7738924731182796
2007-11,1.0433333333333334,1.76,0,30,0.0,0.0,0.0,0.04060333333333333,0.0,0.0,0.0,0.0,0.86232,0.0,0.0,1.0838500000000002,0.0,0.0,0.8284266666666666,0.7569733333333333,0.9245,0,0,1.3127,0,0,0.8812,0.8013,0,0.7710752688172045,0.748483870967742
2007-12,0.3325806451612903,1.05,0,31,0.0,0.0,0.0,0.008083870967741935,0.0,0.0,0.0,0.0,0.817174193548387,0.0,0.0,0.875658064516129,0.0,0.0,0.8111290322580645,0.751958064516129,0.8614,0,0,1.1734,0,0,0.8657,0.8009,0,-0.7107526881720432,-1.4818279569892476
2008-01,2.99741935483871,8.8,0,31,0.000967741935483871,0.0,0.0,0.1179967741935484,0.0,0.0,0.007806451612903225,0.0,0.9047645161290322,0.0,0.0,1.2068935483870968,0.0,0.0,0.8627096774193548,0.7770354838709678,1.0185,0,0,1.8152,0,0,1.0584,0.979,0,2.6648387096774195,3.3755913978494627
2008-02,3.7893103448275864,10.89,0,29,0.0010965517241379311,0.0,0.0,0.08250344827586206,0.0,0.0,0.023334482758620687,0.002003448275862069,0.8592896551724137,0.0,0.0,1.2004172413793104,0.0,0.0,0.9525551724137931,0.866948275862069,1.0137,0,0,1.8059,0,0,1.1348,1.0271,0,0.7918909899888766,-1.872947719688543
2008-03,6.053548387096774,9.43,0,31,0.07130645161290323,0.0,0.0,0.09980322580645161,0.0,0.0,0.05053548387096774,0.013738709677419355,1.0697709677419356,0.0,0.0,1.2819064516129033,0.0,0.0,1.058951612903226,1.003416129032258,1.2032,0,0,1.4373,0,0,1.1362,1.0953,0,2.264238042269188,1.4723470522803113
2008-04,3.189,9.4,0,30,0.033183333333333336,0.0,0.0,0.0,0.0,0.0,0.029336666666666667,0.013673333333333334,0.9655266666666668,0.0,0.0,0.8296833333333333,0.0,0.0,0.97926,0.98983,1.1575,0,0,0.9971,0,0,1.1404,1.1093,0,-2.8645483870967743,-5.128786429365962
2008-05,0.6887096774193548,4.76,0,31,0.015700000000000002,0.0,0.0,0.013632258064516128,0.0,0.0,0.0,0.0,0.9106483870967742,0.0,0.0,0.844574193548387,0.0,0.0,0.8626483870967742,0.8365645161290323,1.1472,0,0,1.3074,0,0,0.962,0.9249,0,-2.5002903225806454,0.36425806451612885
2008-06,14.584333333333332,23.78,5,30,0.4009933333333333,0.0,0.0,0.14509,0.0,0.0,0.05413666666666666,0.040850000000000004,1.4495566666666666,0.0,0.0,1.4098033333333333,0.0,0.0,1.0612133333333333,1.07555,1.5858,0,0,1.6614,0,0,1.1083,1.1617,0,13.895623655913976,16.395913978494622
2008-07,33.450322580645164,38.67,31,31,0.46677096774193544,0.0,0.0,0.38085161290322583,0.0,0.0,0.25502580645161294,0.15732903225806452,1.5232999999999999,0.0,0.0,2.075722580645161,0.0,0.0,1.2974903225806451,1.3149741935483872,1.5507,0,0,2.5537,0,0,1.3885,1.3903,1,18.86598924731183,4.970365591397854
2008-08,15.394838709677419,25.62,12,31,0.21238387096774194,0.0,0.0,0.2817677419354839,0.0,0.0,0.1027225806451613,0.06711935483870969,1.2381064516129032,0.0,0.0,1.795816129032258,0.0,0.0,1.119832258064516,1.1343838709677418,1.4083,0,0,1.9478,0,0,1.2395,1.243,0,-18.055483870967745,-36.92147311827958
2008-09,31.171,43.74,27,30,0.3879533333333333,0.0,0.0,0.25495999999999996,0.0,0.0,0.2754333333333333,0.13361333333333333,1.4349233333333333,0.0,0.0,1.72017,0.0,0.0,1.32131,1.2675066666666666,1.5961,0,0,2.1387,0,0,1.5073,1.3734,1,15.77616129032258,33.831645161290325
2008-10,76.5441935483871,100.0,31,31,0.7786677419354838,0.0,0.0,0.46780322580645156,0.0,0.0,0.7377967741935484,0.3540935483870968,1.8729677419354838,0.0,0.0,2.3213096774193547,0.0,0.0,1.860632258064516,1.7089516129032258,2.0746,0,0,3.2658,0,0,2.1684,2.0027,2,45.3731935483871,29.59703225806452
2008-11,84.91266666666667,100.0,30,30,0.7246433333333333,0.0,0.0,0.49755000000000005,0.0,0.0,0.7673133333333334,0.41974666666666666,1.81241,0.0,0.0,2.4053666666666667,0.0,0.0,1.8950766666666667,1.84038,2.0029,0,0,2.9409,0,0,2.1206,2.0061,3,8.368473118279567,-37.00472043010753
2008-12,61.339677419354835,74.65,31,31,0.5826677419354839,0.0,0.0,0.3350774193548387,0.0,0.0,0.4833,0.2753193548387097,1.6532354838709675,0.0,0.0,1.9464677419354839,0.0,0.0,1.5637645161290323,1.5512225806451612,1.7722,0,0,2.4583,0,0,1.6631,1.6138,4,-23.57298924731183,-31.9414623655914
2009-01,45.45483870967742,53.16,31,31,0.45768709677419356,0.0,0.0,0.20606774193548388,0.0,0.0,0.30700967741935486,0.1583258064516129,1.5131258064516129,0.0,0.0,1.5820516129032258,0.0,0.0,1.3581225806451611,1.3170032258064517,1.6136,0,0,1.9849,0,0,1.4148,1.4258,5,-15.884838709677418,7.688150537634414
2009-02,35.93714285714286,47.06,28,28,0.3380571428571429,0.0,0.0,0.21005714285714286,0.0,0.0,0.2382,0.12860714285714286,1.379,0.0,0.0,1.5933357142857143,0.0,0.0,1.2778607142857141,1.2574892857142856,1.4789,0,0,2.1878,0,0,1.3657,1.3541,6,-9.517695852534558,6.367142857142859
2009-03,46.817741935483866,54.27,31,31,0.42999677419354837,0.0,0.0,0.2481032258064516,0.0,0.0,0.3959741935483871,0.21814516129032258,1.4820677419354837,0.0,0.0,1.7007870967741936,0.0,0.0,1.4618967741935485,1.4367677419354838,1.5545,0,0,2.2939,0,0,1.508,1.4784,7,10.880599078341007,20.398294930875565
2009-04,25.949,32.58,30,30,0.14850333333333332,0.0,0.0,0.07183333333333333,0.0,0.0,0.31026333333333334,0.15593,1.16649,0.0,0.0,1.1978866666666665,0.0,0.0,1.36193,1.3121966666666665,1.3067,0,0,1.4956,0,0,1.3932,1.3682,8,-20.868741935483865,-31.74934101382487
2009-05,16.008387096774193,28.12,8,31,0.03210967741935484,0.0,0.0,0.06906451612903226,0.0,0.0,0.21676129032258065,0.11445161290322581,1.0252741935483871,0.0,0.0,1.1863129032258064,0.0,0.0,1.2528548387096776,1.2291354838709678,1.1653,0,0,1.4068,0,0,1.3651,1.3315,0,-9.940612903225809,10.928129032258056
2009-06,22.793333333333333,26.53,28,30,0.07516666666666666,0.0,0.0,0.18127333333333334,0.0,0.0,0.22390666666666667,0.13967666666666664,1.08427,0.0,0.0,1.5119933333333333,0.0,0.0,1.26118,1.27965,1.1676,0,0,1.6985,0,0,1.3037,1.3175,1,6.78494623655914,16.72555913978495
2009-07,24.761935483870968,28.79,31,31,0.13961612903225806,0.0,0.0,0.09840645161290323,0.0,0.0,0.2554774193548387,0.16601290322580645,1.1565161290322579,0.0,0.0,1.2492806451612903,0.0,0.0,1.2980129032258063,1.3323806451612905,1.2272,0,0,1.5328,0,0,1.3573,1.3974,2,1.9686021505376345,-4.816344086021505
2009-08,17.948709677419355,21.22,19,31,0.03786129032258064,0.0,0.0,0.1130225806451613,0.0,0.0,0.27921935483870963,0.12396774193548386,1.040225806451613,0.0,0.0,1.3158774193548388,0.0,0.0,1.3256999999999999,1.2481709677419355,1.0728,0,0,1.6057,0,0,1.3827,1.3025,3,-6.813225806451612,-8.781827956989247
2009-09,21.072333333333333,25.35,21,30,0.11389,0.0,0.0,0.16296666666666668,0.0,0.0,0.2795566666666666,0.12054000000000001,1.1276833333333334,0.0,0.0,1.46032,0.0,0.0,1.3261133333333333,1.24133,1.1895,0,0,1.6455,0,0,1.3717,1.2917,4,3.1236236559139776,9.93684946236559
2009-10,17.72483870967742,24.38,10,31,0.10107419354838709,0.0,0.0,0.2483483870967742,0.0,0.0,0.17234193548387097,0.06325806451612903,1.113316129032258,0.0,0.0,1.701464516129032,0.0,0.0,1.201032258064516,1.1266419354838708,1.1849,0,0,2.0671,0,0,1.309,1.218,0,-3.347494623655912,-6.47111827956989
2009-11,14.846333333333332,23.11,8,30,0.0559,0.0,0.0,0.24686333333333332,0.0,0.0,0.17875666666666667,0.04899666666666667,1.06266,0.0,0.0,1.6972733333333332,0.0,0.0,1.20851,1.0981066666666666,1.1592,0,0,2.2077,0,0,1.2491,1.1397,0,-2.878505376344089,0.4689892473118231
2009-12,18.750645161290322,25.34,21,31,0.07089354838709679,0.0,0.0,0.06651935483870967,0.0,0.0,0.25108387096774193,0.0730258064516129,1.0795000000000001,0.0,0.0,1.187558064516129,0.0,0.0,1.2928903225806452,1.1462129032258066,1.1153,0,0,1.5261,0,0,1.3889,1.237,1,3.90431182795699,6.782817204301079
2010-01,12.060967741935483,23.24,7,31,0.09903225806451613,0.0,0.0,0.09631612903225806,0.0,0.0,0.18056774193548386,0.020329032258064515,1.1110225806451612,0.0,0.0,1.224090322580645,0.0,0.0,1.2106451612903226,1.021758064516129,1.1971,0,0,2.0393,0,0,1.3145,1.1459,0,-6.6896774193548385,-10.593989247311828
2010-02,16.86392857142857,28.51,15,28,0.06932857142857143,0.0,0.0,0.18786785714285714,0.0,0.0,0.18812142857142858,0.046017857142857145,1.0736571428571429,0.0,0.0,1.5134071428571427,0.0,0.0,1.21945,1.0842392857142857,1.1567,0,0,2.1467,0,0,1.3447,1.1979,1,4.802960829493086,11.492638248847925
2010-03,7.368064516129032,11.01,0,31,0.0,0.0,0.0,0.07867741935483871,0.0,0.0,0.06860645161290323,0.021070967741935485,0.9354677419354839,0.0,0.0,1.2222483870967742,0.0,0.0,1.0787548387096775,1.027832258064516,0.9903,0,0,1.3498,0,0,1.1485,1.0966,0,-9.495864055299538,-14.298824884792625
2010-04,16.925666666666665,26.65,11,30,0.008243333333333333,0.0,0.0,0.16081,0.0,0.0,0.23368333333333335,0.07613666666666667,0.9570933333333334,0.0,0.0,1.4542366666666666,0.0,0.0,1.2725933333333332,1.1524566666666667,1.05,0,0,1.6746,0,0,1.4104,1.2934,0,9.557602150537633,19.05346620583717
2010-05,32.81612903225806,49.88,31,31,0.07814193548387097,0.0,0.0,0.30606774193548386,0.0,0.0,0.31801612903225807,0.1276322580645161,1.0876032258064516,0.0,0.0,1.8645064516129033,0.0,0.0,1.3709645161290323,1.2555354838709676,1.1649,0,0,2.3482,0,0,1.4918,1.3455,1,15.890462365591397,6.332860215053763
2010-06,35.47966666666667,44.59,30,30,0.028193333333333334,0.0,0.0,0.15998666666666667,0.0,0.0,0.36272000000000004,0.18589666666666668,1.0283900000000001,0.0,0.0,1.45189,0.0,0.0,1.4231166666666666,1.3721933333333332,1.1163,0,0,2.0936,0,0,1.4875,1.4465,2,2.6635376344086055,-13.226924731182791
2010-07,30.906774193548387,36.23,31,31,0.09096774193548386,0.0,0.0,0.2854516129032258,0.0,0.0,0.3597967741935484,0.1874774193548387,1.101990322580645,0.0,0.0,1.8062516129032258,0.0,0.0,1.419709677419355,1.3753612903225807,1.1415,0,0,2.2435,0,0,1.4699,1.4636,3,-4.57289247311828,-7.2364301075268855
2010-08,29.83451612903226,33.02,31,31,0.1787709677419355,0.0,0.0,0.36114516129032254,0.0,0.0,0.31488387096774195,0.16201290322580647,1.2004290322580646,0.0,0.0,2.0200709677419355,0.0,0.0,1.3673064516129032,1.3243548387096775,1.2335,0,0,2.27,0,0,1.3992,1.3766,4,-1.0722580645161273,3.500634408602153
2010-09,27.395666666666667,38.5,22,30,0.21695,0.0,0.0,0.18544333333333332,0.0,0.0,0.2965033333333333,0.14930000000000002,1.24323,0.0,0.0,1.5228733333333333,0.0,0.0,1.34589,1.2989133333333334,1.3643,0,0,2.2912,0,0,1.4427,1.4446,5,-2.4388494623655923,-1.366591397849465
2010-10,30.74225806451613,47.45,20,31,0.340641935483871,0.0,0.0,0.2091225806451613,0.0,0.0,0.32645483870967745,0.16725161290322582,1.3818903225806451,0.0,0.0,1.590690322580645,0.0,0.0,1.380809677419355,1.334858064516129,1.6068,0,0,1.8616,0,0,1.5425,1.5232,6,3.346591397849462,5.785440860215054
2010-11,39.61466666666667,42.72,30,30,0.31405999999999995,0.0,0.0,0.17650333333333332,0.0,0.0,0.4821566666666667,0.2516,1.3521,0.0,0.0,1.4985633333333332,0.0,0.0,1.5624233333333335,1.5037266666666667,1.4369,0,0,1.7356,0,0,1.6178,1.551,7,8.872408602150543,5.525817204301081
2010-12,31.613548387096774,39.73,31,31,0.13115806451612905,0.0,0.0,0.10456774193548388,0.0,0.0,0.41758064516129034,0.1576225806451613,1.1470354838709678,0.0,0.0,1.2953451612903226,0.0,0.0,1.4871129032258064,1.3155935483870969,1.2089,0,0,1.5063,0,0,1.5892,1.4243,8,-8.001118279569898,-16.87352688172044
2011-01,34.45935483870968,41.89,31,31,0.39537419354838704,0.0,0.0,0.15220322580645163,0.0,0.0,0.4365258064516129,0.14218064516129034,1.4432548387096775,0.0,0.0,1.4299032258064515,0.0,0.0,1.5092129032258066,1.2846548387096774,1.6306,0,0,1.7423,0,0,1.5575,1.3725,9,2.845806451612905,10.846924731182803
2011-02,24.291071428571428,44.74,18,28,0.32085357142857146,0.0,0.0,0.2074035714285714,0.0,0.0,0.3096964285714286,0.1306142857142857,1.3597142857142859,0.0,0.0,1.5858142857142856,0.0,0.0,1.3612678571428571,1.2614964285714285,1.5679,0,0,2.0578,0,0,1.5458,1.4904,10,-10.168283410138251,-13.014089861751156
2011-03,47.07741935483871,52.69,31,31,0.5020161290322581,0.0,0.0,0.2902258064516129,0.0,0.0,0.5471967741935484,0.2721387096774193,1.5628129032258065,0.0,0.0,1.8197709677419356,0.0,0.0,1.6383129032258066,1.5448516129032257,1.6802,0,0,2.1281,0,0,1.8175,1.6252,11,22.786347926267283,32.954631336405534
2011-04,36.241,41.82,30,30,0.26244333333333336,0.0,0.0,0.15281,0.0,0.0,0.5051133333333333,0.21585666666666667,1.2942366666666667,0.0,0.0,1.4316466666666665,0.0,0.0,1.58921,1.43218,1.3433,0,0,1.8006,0,0,1.8271,1.5442,12,-10.83641935483871,-33.62276728110599
2011-05,17.517096774193547,27.28,13,31,0.058167741935483866,0.0,0.0,0.24108387096774195,0.0,0.0,0.2033741935483871,0.09906129032258064,1.0636935483870968,0.0,0.0,1.680974193548387,0.0,0.0,1.2372354838709678,1.1983451612903224,1.1817,0,0,2.2262,0,0,1.3939,1.3372,0,-18.723903225806453,-7.887483870967742
2011-06,32.37766666666667,38.53,30,30,0.23010333333333335,0.0,0.0,0.3112533333333333,0.0,0.0,0.23890333333333333,0.14256333333333335,1.2579766666666667,0.0,0.0,1.8791433333333332,0.0,0.0,1.2787,1.2854466666666666,1.3954,0,0,2.1812,0,0,1.3564,1.3359,1,14.860569892473123,33.584473118279575
2011-07,25.960645161290323,36.13,31,31,0.2232548387096774,0.0,0.0,0.10921612903225807,0.0,0.0,0.23940322580645162,0.14999677419354837,1.2503000000000002,0.0,0.0,1.308474193548387,0.0,0.0,1.2792709677419356,1.3003064516129033,1.3797,0,0,1.6415,0,0,1.3037,1.3357,2,-6.417021505376347,-21.27759139784947
2011-08,65.43709677419355,86.4,31,31,0.47360967741935484,0.0,0.0,0.5697161290322581,0.0,0.0,0.6301290322580645,0.32073225806451616,1.530967741935484,0.0,0.0,2.6092064516129034,0.0,0.0,1.7350258064516129,1.6421580645161291,1.684,0,0,3.5893,0,0,2.0262,1.8218,3,39.476451612903226,45.89347311827957
2011-09,37.31333333333334,52.81,30,30,0.3460733333333333,0.0,0.0,0.16729,0.0,0.0,0.30518666666666666,0.13806666666666667,1.38798,0.0,0.0,1.4725266666666668,0.0,0.0,1.3560033333333334,1.2764300000000002,1.509,0,0,1.8802,0,0,1.5787,1.4612,4,-28.12376344086021,-67.60021505376343
2011-10,46.788709677419355,72.72,31,31,0.3544290322580645,0.0,0.0,0.1561032258064516,0.0,0.0,0.3815677419354839,0.16801290322580645,1.397358064516129,0.0,0.0,1.44,0.0,0.0,1.4451032258064516,1.336374193548387,1.6598,0,0,2.2554,0,0,1.632,1.5345,5,9.475376344086015,37.599139784946225
2011-11,33.779333333333334,44.63,30,30,0.21993000000000001,0.0,0.0,0.20748666666666665,0.0,0.0,0.2934533333333333,0.12308000000000001,1.24655,0.0,0.0,1.58608,0.0,0.0,1.3423066666666665,1.24643,1.3412,0,0,2.0738,0,0,1.4058,1.2788,6,-13.009376344086022,-22.484752688172037
2011-12,39.420967741935485,45.14,31,31,0.23622258064516127,0.0,0.0,0.21123548387096774,0.0,0.0,0.3596967741935484,0.14298709677419355,1.264841935483871,0.0,0.0,1.5966774193548388,0.0,0.0,1.4195806451612902,1.2862774193548387,1.3252,0,0,1.9557,0,0,1.4633,1.3293,7,5.641634408602151,18.651010752688173
2012-01,29.344838709677422,38.1,24,31,0.2201774193548387,0.0,0.0,0.07498387096774194,0.0,0.0,0.2889032258064516,0.08515806451612903,1.2468451612903226,0.0,0.0,1.1819645161290324,0.0,0.0,1.3370129032258065,1.1705096774193549,1.3693,0,0,1.4943,0,0,1.4542,1.2876,8,-10.076129032258063,-15.717763440860214
2012-02,20.525172413793104,26.97,16,29,0.1250413793103448,0.0,0.0,0.02129310344827586,0.0,0.0,0.233648275862069,0.07309655172413794,1.140193103448276,0.0,0.0,1.049803448275862,0.0,0.0,1.2725413793103448,1.146351724137931,1.1895,0,0,1.2092,0,0,1.3553,1.2445,9,-8.819666295884318,1.256462736373745
2012-03,14.505161290322581,21.43,3,31,0.057574193548387095,0.0,0.0,0.0729258064516129,0.0,0.0,0.15468709677419354,0.049680645161290324,1.0638580645161289,0.0,0.0,1.2015032258064517,0.0,0.0,1.1804419354838709,1.0994709677419354,1.1535,0,0,1.6322,0,0,1.2413,1.1294,0,-6.020011123470523,2.799655172413795
2012-04,11.848666666666666,16.36,0,30,0.005,0.0,0.0,0.17582333333333333,0.0,0.0,0.12829666666666667,0.06702333333333334,0.9631066666666667,0.0,0.0,1.4966233333333332,0.0,0.0,1.14967,1.13418,1.0328,0,0,1.6866,0,0,1.1906,1.1672,0,-2.656494623655915,3.363516499814608
2012-05,18.292258064516126,32.41,15,31,0.0,0.0,0.0,0.2905870967741936,0.0,0.0,0.16736774193548387,0.05693225806451613,0.9234516129032257,0.0,0.0,1.8208,0.0,0.0,1.1952483870967743,1.1139870967741936,0.96,0,0,2.567,0,0,1.311,1.1784,0,6.44359139784946,9.100086021505374
2012-06,29.893666666666665,34.13,30,30,0.11725666666666666,0.0,0.0,0.20052,0.0,0.0,0.27589,0.09325,1.1271666666666667,0.0,0.0,1.56636,0.0,0.0,1.3218233333333334,1.18669,1.2272,0,0,1.9451,0,0,1.3649,1.2434,1,11.601408602150538,5.157817204301079
2012-07,33.62129032258064,36.72,31,31,0.21764838709677417,0.0,0.0,0.2946548387096774,0.0,0.0,0.2973193548387097,0.13774516129032258,1.2439967741935483,0.0,0.0,1.832258064516129,0.0,0.0,1.346816129032258,1.2757806451612903,1.3006,0,0,2.1427,0,0,1.3875,1.3363,2,3.727623655913977,-7.873784946236562
2012-08,21.281612903225806,35.93,15,31,0.19860967741935484,0.0,0.0,0.16963548387096775,0.0,0.0,0.24023870967741937,0.11178709677419355,1.2226580645161291,0.0,0.0,1.4791774193548388,0.0,0.0,1.2802290322580645,1.2238064516129032,1.338,0,0,1.9743,0,0,1.4073,1.3609,0,-12.339677419354835,-16.067301075268812
2012-09,20.561666666666667,25.65,22,30,0.19457333333333335,0.0,0.0,0.16089333333333336,0.0,0.0,0.19764666666666666,0.11234999999999999,1.2181333333333333,0.0,0.0,1.4532133333333335,0.0,0.0,1.2305466666666667,1.22493,1.2589,0,0,1.9239,0,0,1.2591,1.2667,1,-0.7199462365591387,11.619731182795697
2012-10,20.426774193548386,35.25,14,31,0.11555483870967741,0.0,0.0,0.24500967741935484,0.0,0.0,0.11176129032258064,0.056087096774193546,1.129551612903226,0.0,0.0,1.6920548387096774,0.0,0.0,1.130367741935484,1.1122935483870966,1.2804,0,0,2.1308,0,0,1.2805,1.2314,0,-0.13489247311828123,0.5850537634408575
2012-11,27.403333333333332,34.16,30,30,0.18255666666666667,0.0,0.0,0.27608333333333335,0.0,0.0,0.18254666666666666,0.10704666666666666,1.20468,0.0,0.0,1.7798333333333334,0.0,0.0,1.2129366666666668,1.2143266666666668,1.2701,0,0,2.1745,0,0,1.2919,1.2635,1,6.976559139784946,7.1114516129032275
2012-12,14.597741935483873,21.56,4,31,0.11155483870967743,0.0,0.0,0.07137096774193548,0.0,0.0,0.10519354838709678,0.06560322580645161,1.1250709677419355,0.0,0.0,1.2015806451612905,0.0,0.0,1.1227193548387095,1.1313354838709677,1.171,0,0,1.3498,0,0,1.1716,1.1853,0,-12.80559139784946,-19.782150537634408
2013-01,13.625483870967741,26.36,11,31,0.12388387096774194,0.0,0.0,0.11875806451612904,0.0,0.0,0.10715806451612904,0.03861935483870968,1.138890322580645,0.0,0.0,1.2905548387096772,0.0,0.0,1.125,1.0670451612903227,1.2465,0,0,1.8165,0,0,1.3068,1.2504,0,-0.9722580645161312,11.833333333333329
2013-02,15.08607142857143,27.05,11,28,0.08343571428571428,0.0,0.0,0.14230714285714285,0.0,0.0,0.19199642857142857,0.08871428571428572,1.0842928571428572,0.0,0.0,1.4008821428571427,0.0,0.0,1.223967857142857,1.1776178571428573,1.2492,0,0,1.8377,0,0,1.3263,1.2575,0,1.460587557603688,2.432845622119819
2013-03,14.346774193548388,21.49,8,31,0.028835483870967744,0.0,0.0,0.08663870967741935,0.0,0.0,0.11865806451612902,0.04217096774193548,1.0259354838709678,0.0,0.0,1.2447032258064517,0.0,0.0,1.138406451612903,1.0844322580645163,1.0503,0,0,1.4837,0,0,1.1899,1.1254,0,-0.7392972350230416,-2.1998847926267295
2013-04,26.408666666666665,31.72,29,30,0.07362666666666667,0.0,0.0,0.21121666666666666,0.0,0.0,0.22876666666666667,0.12172999999999999,1.0825433333333334,0.0,0.0,1.5966366666666665,0.0,0.0,1.2668666666666666,1.2437,1.1197,0,0,1.9266,0,0,1.3229,1.3004,1,12.061892473118277,12.801189708141319
2013-05,9.076451612903226,24.22,3,31,0.027916129032258062,0.0,0.0,0.026596774193548386,0.0,0.0,0.10261612903225806,0.05747741935483871,1.0167774193548387,0.0,0.0,1.013258064516129,0.0,0.0,1.1197032258064517,1.1150645161290322,1.1062,0,0,1.4651,0,0,1.2551,1.253,0,-17.33221505376344,-29.39410752688172
2013-06,20.88,40.38,16,30,0.14639,0.0,0.0,0.29449333333333333,0.0,0.0,0.16420666666666667,0.10754,1.1641233333333334,0.0,0.0,1.8318166666666669,0.0,0.0,1.1915499999999999,1.2152766666666668,1.2959,0,0,2.5007,0,0,1.4215,1.3846,1,11.803548387096773,29.135763440860217
2013-07,21.42064516129032,43.8,15,31,0.14458387096774195,0.0,0.0,0.12936774193548387,0.0,0.0,0.2120516129032258,0.1175483870967742,1.1621000000000001,0.0,0.0,1.3649354838709677,0.0,0.0,1.2473612903225806,1.235341935483871,1.3283,0,0,2.1732,0,0,1.4485,1.4147,0,0.5406451612903211,-11.262903225806452
2013-08,9.425483870967742,19.35,2,31,0.1120483870967742,0.0,0.0,0.13645483870967742,0.0,0.0,0.0841741935483871,0.06106129032258065,1.125625806451613,0.0,0.0,1.3854225806451612,0.0,0.0,1.098190322580645,1.1222419354838709,1.3468,0,0,1.664,0,0,1.1524,1.1663,0,-11.995161290322578,-12.535806451612899
2013-09,11.772,22.29,10,30,0.13996999999999998,0.0,0.0,0.029446666666666666,0.0,0.0,0.10974,0.06582666666666667,1.12998,0.0,0.0,0.9592533333333333,0.0,0.0,1.1280066666666668,1.1275866666666665,1.3494,0,0,1.5208,0,0,1.243,1.267,0,2.346516129032258,14.341677419354836
2013-10,12.805806451612904,23.41,7,31,0.10109677419354839,0.0,0.0,0.0599,0.0,0.0,0.07351290322580646,0.03356451612903226,1.0956967741935484,0.0,0.0,1.1679741935483872,0.0,0.0,1.0820064516129033,1.0658225806451613,1.2375,0,0,1.3551,0,0,1.212,1.1366,0,1.0338064516129037,-1.3127096774193543
2013-11,22.011000000000003,24.77,30,30,0.12949666666666668,0.0,0.0,0.17503666666666667,0.0,0.0,0.19447,0.08602,1.14519,0.0,0.0,1.4944099999999998,0.0,0.0,1.2268566666666667,1.1722233333333334,1.2276,0,0,1.8139,0,0,1.2555,1.2062,1,9.205193548387099,8.171387096774195
2013-12,17.40806451612903,19.81,15,31,0.06926129032258065,0.0,0.0,0.1340193548387097,0.0,0.0,0.12780967741935484,0.06651935483870967,1.0776451612903224,0.0,0.0,1.351032258064516,0.0,0.0,1.1490935483870968,1.1331806451612902,1.1554,0,0,1.8165,0,0,1.1999,1.1875,0,-4.602935483870972,-13.808129032258071
2014-01,16.49225806451613,20.86,6,31,0.05866451612903226,0.0,0.0,0.0769032258064516,0.0,0.0,0.17626129032258064,0.059396774193548385,1.0657548387096776,0.0,0.0,1.1825548387096774,0.0,0.0,1.2055967741935485,1.1189225806451613,1.0957,0,0,1.5169,0,0,1.272,1.1962,0,-0.9158064516129016,3.6871290322580705
2014-02,11.127857142857142,15.95,0,28,0.0014607142857142857,0.0,0.0,0.075825,0.0,0.0,0.17075714285714286,0.052175000000000006,0.9819892857142857,0.0,0.0,1.2062214285714286,0.0,0.0,1.1991892857142858,1.1044821428571427,1.0181,0,0,1.6415,0,0,1.2541,1.1867,0,-5.364400921658987,-4.4485944700460855
2014-03,10.238387096774193,13.23,0,31,0.0009838709677419354,0.0,0.0,0.06536129032258063,0.0,0.0,0.14301935483870967,0.02824516129032258,0.9799096774193549,0.0,0.0,1.1846096774193549,0.0,0.0,1.166832258064516,1.0565516129032257,1.0111,0,0,1.3631,0,0,1.2001,1.0959,0,-0.8894700460829483,4.474930875576039
2014-04,6.252,8.37,0,30,0.0,0.0,0.0,0.01363,0.0,0.0,0.09105,0.026866666666666667,0.8999166666666666,0.0,0.0,1.0109366666666666,0.0,0.0,1.1062100000000001,1.0537866666666666,0.9697,0,0,1.1761,0,0,1.178,1.0956,0,-3.9863870967741937,-3.0969170506912453
2014-05,2.07741935483871,7.98,0,31,0.0,0.0,0.0,0.03787419354838709,0.0,0.0,0.007951612903225807,0.004219354838709677,0.7898258064516129,0.0,0.0,1.1046645161290323,0.0,0.0,0.9551096774193548,0.9856451612903225,0.8748,0,0,1.3193,0,0,1.0664,1.0653,0,-4.17458064516129,-0.18819354838709668
2014-06,2.695333333333333,7.71,0,30,0.0,0.0,0.0,0.027756666666666666,0.0,0.0,0.015626666666666667,0.017003333333333332,0.8190566666666667,0.0,0.0,1.0712633333333335,0.0,0.0,0.9910766666666666,1.0317433333333335,0.8948,0,0,1.2238,0,0,1.0897,1.1325,0,0.6179139784946233,4.792494623655914
2014-07,4.471290322580645,6.39,0,31,0.0,0.0,0.0,0.02928387096774194,0.0,0.0,0.06201612903225807,0.05491290322580645,0.9336774193548387,0.0,0.0,1.027632258064516,0.0,0.0,1.0723387096774193,1.1099387096774194,0.9888,0,0,1.2596,0,0,1.1165,1.1513,0,1.7759569892473115,1.1580430107526882
2014-08,2.0180645161290323,5.09,0,31,0.0,0.0,0.0,0.021538709677419353,0.0,0.0,0.046261290322580646,0.01548709677419355,0.8984870967741936,0.0,0.0,0.9320322580645162,0.0,0.0,1.024358064516129,0.9916225806451613,0.9798,0,0,1.2623,0,0,1.1401,1.0801,0,-2.4532258064516124,-4.229182795698923
2014-09,0.232,0.95,0,30,0.0,0.0,0.0,0.013213333333333332,0.0,0.0,0.0,0.0,0.8677566666666667,0.0,0.0,0.9498533333333333,0.0,0.0,0.8526166666666666,0.86655,0.952,0,0,1.1695,0,0,0.941,0.971,0,-1.7860645161290323,0.6671612903225801
2014-10,8.961935483870967,20.25,1,31,0.04056129032258065,0.0,0.0,0.23103548387096773,0.0,0.0,0.05645483870967742,0.030958064516129032,1.0082032258064517,0.0,0.0,1.6525870967741934,0.0,0.0,1.0452032258064516,1.0370774193548387,1.171,0,0,1.9677,0,0,1.1899,1.2119,0,8.729935483870968,10.516
2014-11,17.13533333333333,20.41,10,30,0.20988666666666667,0.0,0.0,0.06674666666666668,0.0,0.0,0.1464,0.09379333333333334,1.2352999999999998,0.0,0.0,1.1871033333333334,0.0,0.0,1.17077,1.1877733333333333,1.3134,0,0,1.4201,0,0,1.207,1.2682,0,8.173397849462365,-0.5565376344086026
2014-12,14.739032258064515,18.49,0,31,0.17988064516129032,0.0,0.0,0.1525741935483871,0.0,0.0,0.13538709677419355,0.058770967741935486,1.2016548387096775,0.0,0.0,1.430974193548387,0.0,0.0,1.1579290322580646,1.1176483870967742,1.2802,0,0,1.8059,0,0,1.1865,1.1487,0,-2.3963010752688163,-10.569698924731181
2015-01,13.28225806451613,25.25,9,31,0.09750967741935485,0.0,0.0,0.1050741935483871,0.0,0.0,0.12959032258064515,0.03792258064516129,1.109325806451613,0.0,0.0,1.260741935483871,0.0,0.0,1.1511612903225807,1.057874193548387,1.2551,0,0,1.7383,0,0,1.3056,1.2532,0,-1.4567741935483856,0.9395268817204308
2015-02,15.41,28.31,13,28,0.17591785714285715,0.0,0.0,0.042489285714285716,0.0,0.0,0.14141071428571428,0.07293214285714286,1.1956142857142857,0.0,0.0,1.0419357142857142,0.0,0.0,1.1536321428571428,1.1217285714285714,1.3315,0,0,1.3034,0,0,1.3228,1.2918,0,2.1277419354838703,3.584516129032256
2015-03,9.31258064516129,15.96,0,31,0.06726774193548388,0.0,0.0,0.014780645161290322,0.0,0.0,0.12612903225806452,0.08334516129032257,1.0582483870967743,0.0,0.0,0.931016129032258,0.0,0.0,1.143209677419355,1.1602709677419356,1.1411,0,0,1.1429,0,0,1.2564,1.2915,0,-6.09741935483871,-8.22516129032258
2015-04,10.196333333333333,14.96,0,30,0.07390000000000001,0.0,0.0,0.0006866666666666667,0.0,0.0,0.09572,0.09608333333333333,1.0821133333333333,0.0,0.0,0.70261,0.0,0.0,1.1116666666666668,1.1923666666666668,1.1371,0,0,1.0581,0,0,1.1745,1.2909,0,0.8837526881720432,6.981172043010753
2015-05,4.474516129032258,8.15,0,31,0.00022903225806451615,0.0,0.0,0.02833548387096774,0.0,0.0,0.023003225806451612,0.02554193548387097,0.9636645161290323,0.0,0.0,0.9863548387096773,0.0,0.0,1.0201903225806452,1.050625806451613,1.0042,0,0,1.2503,0,0,1.1348,1.1406,0,-5.721817204301075,-6.6055698924731185
2015-06,13.411666666666667,24.71,12,30,0.055009999999999996,0.0,0.0,0.01613,0.0,0.0,0.13724999999999998,0.07619,1.05215,0.0,0.0,0.97014,0.0,0.0,1.1595566666666668,1.1525466666666666,1.1744,0,0,1.1748,0,0,1.3019,1.2999,0,8.937150537634409,14.658967741935484
2015-07,23.26483870967742,32.29,20,31,0.18168709677419353,0.0,0.0,0.04478709677419355,0.0,0.0,0.19686129032258062,0.11939677419354838,1.2037,0.0,0.0,1.0737032258064516,0.0,0.0,1.2296354838709675,1.2390354838709678,1.281,0,0,1.4267,0,0,1.327,1.324,1,9.853172043010753,0.9160215053763441
2015-08,20.63225806451613,39.38,11,31,0.11313548387096775,0.0,0.0,0.3292516129032258,0.0,0.0,0.17108709677419356,0.1346483870967742,1.126841935483871,0.0,0.0,1.9299903225806452,0.0,0.0,1.1995774193548387,1.2695645161290323,1.1893,0,0,2.5962,0,0,1.4765,1.4728,0,-2.6325806451612905,-12.485752688172044
2015-09,26.278666666666666,42.28,21,30,0.21127666666666667,0.0,0.0,0.13450333333333334,0.0,0.0,0.20355666666666666,0.14309333333333332,1.2368633333333332,0.0,0.0,1.36849,0.0,0.0,1.23364,1.2856733333333332,1.3136,0,0,2.4371,0,0,1.4928,1.4974,1,5.646408602150537,8.278989247311827
2015-10,0.5893548387096774,3.12,0,31,0.0026096774193548385,0.0,0.0,0.0,0.0,0.0,0.0,0.0,0.9679354838709677,0.0,0.0,0.8606967741935484,0.0,0.0,0.9065806451612903,0.8927967741935484,1.0322,0,0,0.9918,0,0,0.9429,0.98,0,-25.68931182795699,-31.335720430107525
2015-11,3.4073333333333333,6.52,0,30,0.03201333333333333,0.0,0.0,0.052213333333333334,0.0,0.0,0.011273333333333333,0.00034999999999999994,1.0358466666666666,0.0,0.0,1.1181533333333333,0.0,0.0,0.98797,0.9530433333333334,1.073,0,0,1.4002,0,0,1.0503,1.0093,0,2.817978494623656,28.507290322580644
2015-12,11.314193548387097,18.49,0,31,0.10822903225806452,0.0,0.0,0.07970967741935484,0.0,0.0,0.10102580645161291,0.035212903225806454,1.121332258064516,0.0,0.0,1.1787548387096776,0.0,0.0,1.1178354838709679,1.0704935483870968,1.1758,0,0,1.5805,0,0,1.2119,1.1488,0,7.906860215053763,5.088881720430107
2016-01,25.951612903225808,43.5,18,31,0.24546129032258066,0.0,0.0,0.22703548387096775,0.0,0.0,0.20450967741935486,0.07382258064516128,1.2751870967741936,0.0,0.0,1.6122870967741936,0.0,0.0,1.238558064516129,1.1402354838709676,1.5118,0,0,2.1997,0,0,1.4226,1.3387,1,14.63741935483871,6.730559139784948
2016-02,22.861379310344827,40.72,14,29,0.21874827586206896,0.0,0.0,0.20530344827586208,0.0,0.0,0.2077,0.10523103448275861,1.245248275862069,0.0,0.0,1.5799137931034484,0.0,0.0,1.2422793103448275,1.210696551724138,1.508,0,0,1.9133,0,0,1.4047,1.3267,0,-3.090233592880981,-17.72765294771969
2016-03,7.821290322580645,25.46,4,31,0.07259354838709678,0.0,0.0,0.016193548387096773,0.0,0.0,0.04667741935483871,0.019564516129032258,1.0399096774193548,0.0,0.0,1.0061193548387097,0.0,0.0,1.0222451612903227,0.9956806451612903,1.2593,0,0,1.1827,0,0,1.238,1.1952,0,-15.040088987764182,-11.949855394883201
2016-04,2.7053333333333334,5.79,0,30,0.0,0.0,0.0,0.019433333333333334,0.0,0.0,0.0,0.0013499999999999999,0.9071433333333334,0.0,0.0,1.0090366666666666,0.0,0.0,0.9329000000000001,0.9638133333333333,0.9295,0,0,1.1894,0,0,0.9557,1.0427,0,-5.115956989247312,9.92413199851687
2016-05,3.7635483870967743,8.55,0,31,0.0,0.0,0.0,0.047419354838709675,0.0,0.0,0.0,0.006919354838709677,0.9176225806451613,0.0,0.0,1.1325903225806453,0.0,0.0,0.9040612903225806,0.9555806451612904,0.9661,0,0,1.3113,0,0,0.9908,1.09,0,1.058215053763441,6.174172043010753
2016-06,6.598,21.84,2,30,0.0,0.0,0.0,0.09662666666666667,0.0,0.0,0.04117666666666667,0.022996666666666665,0.91418,0.0,0.0,1.2711133333333333,0.0,0.0,1.0195066666666668,1.0324666666666666,0.9474,0,0,1.4903,0,0,1.4108,1.2931,0,2.8344516129032256,1.7762365591397846
2016-07,12.29483870967742,23.13,14,31,0.0,0.0,0.0,0.04339032258064516,0.0,0.0,0.22614516129032255,0.08094838709677418,0.8924387096774195,0.0,0.0,1.1097193548387096,0.0,0.0,1.2638,1.1610387096774193,0.9646,0,0,1.3538,0,0,1.4656,1.3056,0,5.69683870967742,2.862387096774194
2016-08,2.7722580645161288,5.53,0,31,0.0,0.0,0.0,0.12700645161290322,0.0,0.0,0.0012709677419354838,0.010074193548387098,0.8450290322580646,0.0,0.0,1.358725806451613,0.0,0.0,0.9270645161290323,0.9879870967741936,0.9413,0,0,1.6203,0,0,1.0176,1.063,0,-9.522580645161291,-15.21941935483871
2016-09,2.0423333333333336,5.45,0,30,0.004113333333333333,0.0,0.0,0.10804333333333332,0.0,0.0,0.0,0.0007733333333333332,0.91395,0.0,0.0,1.2799566666666666,0.0,0.0,0.8342966666666667,0.9270133333333334,1.0326,0,0,1.6097,0,0,0.9217,1.0258,0,-0.7299247311827952,8.792655913978496
2016-10,4.585806451612903,8.11,0,31,0.009296774193548388,0.0,0.0,0.11141612903225806,0.0,0.0,0.0,0.0069064516129032265,0.9700225806451612,0.0,0.0,1.314725806451613,0.0,0.0,0.8936838709677419,0.9803999999999999,1.0543,0,0,1.5182,0,0,0.9836,1.0733,0,2.54347311827957,3.273397849462365
2016-11,12.511666666666667,15.96,0,30,0.0,0.0,0.0,0.21951666666666667,0.0,0.0,0.08061,0.05703333333333334,0.8485366666666666,0.0,0.0,1.62002,0.0,0.0,1.09365,1.1142133333333333,0.9981,0,0,2.1162,0,0,1.1398,1.1755,0,7.925860215053763,5.382387096774194
2016-12,9.96516129032258,13.52,0,31,0.0,0.0,0.0,0.07283548387096775,0.0,0.0,0.08653225806451613,0.0756516129032258,0.8458709677419355,0.0,0.0,1.1797290322580647,0.0,0.0,1.100925806451613,1.1514612903225807,0.9581,0,0,1.5314,0,0,1.149,1.2269,0,-2.5465053763440864,-10.47236559139785
2017-01,8.255806451612903,12.17,0,31,0.0282,0.0,0.0,0.028451612903225808,0.0,0.0,0.06290645161290323,0.02116774193548387,1.0249,0.0,0.0,1.074174193548387,0.0,0.0,1.0707064516129032,1.0378322580645163,1.0625,0,0,1.2371,0,0,1.1401,1.1101,0,-1.709354838709677,0.8371505376344093
2017-02,1.6857142857142857,5.19,0,28,0.0,0.0,0.0,0.023167857142857146,0.0,0.0,0.0014607142857142857,0.0030785714285714283,0.9517321428571428,0.0,0.0,1.0119678571428572,0.0,0.0,0.9750178571428572,0.9930392857142857,0.9996,0,0,1.2278,0,0,1.0344,1.0531,0,-6.570092165898617,-4.86073732718894
2017-03,0.8035483870967742,2.14,0,31,0.0,0.0,0.0,0.00014838709677419355,0.0,0.0,0.01007741935483871,0.0,0.8403451612903226,0.0,0.0,0.8725483870967742,0.0,0.0,0.9712903225806452,0.9454612903225806,0.9158,0,0,1.013,0,0,1.0596,0.9979,0,-0.8821658986175115,5.687926267281106
2017-04,0.4766666666666667,1.33,0,30,0.0,0.0,0.0,0.0,0.0,0.0,0.0,0.0,0.8842166666666667,0.0,0.0,0.8299433333333333,0.0,0.0,0.9010666666666667,0.89682,0.9226,0,0,0.9666,0,0,0.9987,0.9368,0,-0.32688172043010755,0.5552841781874039
2017-05,0.40516129032258064,1.34,0,31,0.0,0.0,0.0,0.0,0.0,0.0,0.0,0.0,0.7397612903225806,0.0,0.0,0.49512903225806454,0.0,0.0,0.7275935483870968,0.7274806451612903,0.9177,0,0,0.6272,0,0,0.877,0.9289,0,-0.07150537634408605,0.2553763440860215
2017-06,0.07166666666666667,0.41,0,30,0.0,0.0,0.0,0.0,0.0,0.0,0.0,0.0,0.8525666666666666,0.0,0.0,0.6103733333333333,0.0,0.0,0.7656066666666667,0.78827,0.94,0,0,0.7956,0,0,0.8142,0.8519,0,-0.333494623655914,-0.26198924731182793
2017-07,0.038387096774193545,0.35,0,31,0.0,0.0,0.0,0.0,0.0,0.0,0.0,0.0,0.9498741935483871,0.0,0.0,0.7570612903225807,0.0,0.0,0.8091516129032258,0.8623032258064517,0.9811,0,0,0.891,0,0,0.8437,0.8776,0,-0.033279569892473125,0.3002150537634409
2017-08,0.257741935483871,0.96,0,31,0.0,0.0,0.0,0.01622258064516129,0.0,0.0,0.0,0.0,0.9098129032258064,0.0,0.0,0.9683516129032258,0.0,0.0,0.8467387096774194,0.875083870967742,0.9617,0,0,1.1708,0,0,0.9063,0.9277,0,0.21935483870967742,0.25263440860215053
2017-09,0.08366666666666668,0.3,0,30,0.0,0.0,0.0,0.0,0.0,0.0,0.0,0.0,0.8778233333333334,0.0,0.0,0.7894066666666667,0.0,0.0,0.8449066666666667,0.8671666666666666,0.9085,0,0,0.9401,0,0,0.8769,0.9176,0,-0.1740752688172043,-0.39343010752688173
2017-10,0.0012903225806451613,0.04,0,31,0.0,0.0,0.0,0.0,0.0,0.0,0.0,0.0,0.7535064516129032,0.0,0.0,0.45509032258064513,0.0,0.0,0.6579967741935484,0.6413612903225807,0.9039,0,0,0.8977,0,0,0.8315,0.7988,0,-0.08237634408602151,0.0916989247311828
2017-11,0.005333333333333333,0.05,0,30,0.0,0.0,0.0,0.0,0.0,0.0,0.0,0.0,0.8263466666666666,0.0,0.0,0.66521,0.0,0.0,0.8217866666666667,0.7575266666666667,0.8906,0,0,0.8287,0,0,0.8571,0.8061,0,0.004043010752688172,0.08641935483870969
2017-12,0.18838709677419355,0.35,0,31,0.0,0.0,0.0,0.0008096774193548386,0.0,0.0,0.0,0.0,0.843041935483871,0.0,0.0,0.8411903225806452,0.0,0.0,0.867558064516129,0.8409516129032258,0.8807,0,0,1.0289,0,0,0.9114,0.8914,0,0.18305376344086022,0.17901075268817204
2018-01,0.5645161290322581,1.41,0,31,0.0,0.0,0.0,0.0,0.0,0.0,0.0,0.0,0.9046548387096774,0.0,0.0,0.619858064516129,0.0,0.0,0.8574225806451612,0.7990419354838709,0.9796,0,0,0.8314,0,0,0.9549,0.8969,0,0.3761290322580646,0.19307526881720438
2018-02,1.5525,3.96,0,28,0.0,0.0,0.0,0.06100357142857143,0.0,0.0,0.0034857142857142856,0.0,0.8748071428571428,0.0,0.0,1.052825,0.0,0.0,0.9409535714285714,0.8556464285714286,0.9846,0,0,1.5261,0,0,1.0202,0.9518,0,0.9879838709677419,0.6118548387096773
2018-03,0.007096774193548388,0.07,0,31,0.0,0.0,0.0,0.0,0.0,0.0,0.0,0.0,0.7750709677419355,0.0,0.0,0.8094677419354839,0.0,0.0,0.7908612903225807,0.7321612903225806,0.8567,0,0,0.956,0,0,0.851,0.7773,0,-1.5454032258064516,-2.5333870967741934
2018-04,0.5616666666666668,1.16,0,30,0.0,0.0,0.0,0.0,0.0,0.0,0.0,0.0,0.8870733333333334,0.0,0.0,0.6997766666666667,0.0,0.0,0.8322033333333334,0.7651733333333334,0.9287,0,0,0.9321,0,0,0.8819,0.8032,0,0.5545698924731184,2.09997311827957
2018-05,0.4693548387096774,1.09,0,31,0.0,0.0,0.0,0.0,0.0,0.0,0.0,0.0,0.7598322580645162,0.0,0.0,0.6530935483870968,0.0,0.0,0.7460612903225806,0.7305612903225807,0.8218,0,0,0.7969,0,0,0.788,0.8204,0,-0.09231182795698933,-0.6468817204301077
2018-06,0.8543333333333333,1.68,0,30,0.0,0.0,0.0,0.009706666666666667,0.0,0.0,0.0,0.0,0.8609533333333333,0.0,0.0,0.7908233333333333,0.0,0.0,0.7560433333333333,0.82329,0.8906,0,0,1.2742,0,0,0.8113,0.874,0,0.38497849462365585,0.4772903225806452
2018-07,3.44,5.91,0,31,0.12951612903225806,0.0,0.0,0.04956451612903226,0.0,0.0,0.0,0.0,1.1331612903225807,0.0,0.0,1.102532258064516,0.0,0.0,0.8889,0.9079064516129032,1.293,0,0,1.3684,0,0,0.9175,0.9434,0,2.5856666666666666,2.2006881720430105
2018-08,3.662258064516129,10.46,0,31,0.11656774193548387,0.0,0.0,0.04141612903225807,0.0,0.0,0.0,0.0,1.1304774193548388,0.0,0.0,1.0748935483870967,0.0,0.0,0.8573580645161291,0.8939387096774193,1.2482,0,0,1.253,0,0,0.9278,0.96,0,0.22225806451612895,-2.3634086021505376
2018-09,8.607666666666667,14.01,0,30,0.18775666666666666,0.0,0.0,0.0,0.0,0.0,0.0,0.0,1.2077633333333333,0.0,0.0,0.7115333333333334,0.0,0.0,0.8033066666666666,0.8399633333333334,1.3233,0,0,0.9905,0,0,0.8449,0.917,0,4.945408602150538,4.7231505376344085
2018-10,7.835806451612903,30.11,5,31,0.06640967741935484,0.0,0.0,0.15078709677419355,0.0,0.0,0.009061290322580646,0.003467741935483871,1.0289064516129032,0.0,0.0,1.3333645161290322,0.0,0.0,0.856983870967742,0.8159935483870968,1.2429,0,0,2.3495,0,0,1.1298,1.1133,0,-0.7718602150537635,-5.717268817204301
2018-11,18.408666666666665,31.56,15,30,0.17021,0.0,0.0,0.23121666666666665,0.0,0.0,0.05648333333333333,0.02634,1.1908333333333334,0.0,0.0,1.65307,0.0,0.0,1.0337666666666665,1.0148300000000001,1.2564,0,0,2.4954,0,0,1.1512,1.1306,0,10.572860215053762,11.344720430107525
2018-12,7.741935483870968,9.8,0,31,0.016274193548387095,0.0,0.0,0.08945483870967742,0.0,0.0,0.0,0.0,1.0116774193548388,0.0,0.0,1.252651612903226,0.0,0.0,0.8883451612903225,0.9493548387096774,1.0627,0,0,1.4691,0,0,0.9091,0.9914,0,-10.666731182795697,-21.23959139784946
2019-01,7.908387096774193,10.98,0,31,0.037477419354838705,0.0,0.0,0.07120322580645161,0.0,0.0,0.0,0.0,1.0403096774193548,0.0,0.0,1.1924741935483871,0.0,0.0,0.9382322580645162,0.8977322580645161,1.089,0,0,1.5036,0,0,0.9781,0.9518,0,0.1664516129032254,10.833182795698923
2019-02,1.2653571428571428,5.24,0,28,0.004542857142857143,0.0,0.0,0.021549999999999996,0.0,0.0,0.0,0.0,0.9108107142857144,0.0,0.0,1.0466214285714286,0.0,0.0,0.7972964285714286,0.8035535714285714,1.0437,0,0,1.1774,0,0,0.9601,0.9159,0,-6.6430299539170505,-6.809481566820276
2019-03,2.6261290322580644,5.18,0,31,0.0,0.0,0.0,0.05970322580645161,0.0,0.0,0.0,0.0,0.9090193548387097,0.0,0.0,1.1577935483870967,0.0,0.0,0.785158064516129,0.8388387096774194,0.9796,0,0,1.4267,0,0,0.8593,0.8745,0,1.3607718894009215,8.003801843317973
2019-04,3.9353333333333333,7.37,0,30,0.0,0.0,0.0,0.03226,0.0,0.0,0.0,0.0,0.8962633333333333,0.0,0.0,0.9130366666666667,0.0,0.0,0.8457633333333334,0.8783766666666667,0.9522,0,0,1.4148,0,0,0.8983,0.9084,0,1.309204301075269,-0.05156758832565256
2019-05,4.817741935483871,10.26,0,31,0.044838709677419354,0.0,0.0,0.0716774193548387,0.0,0.0,0.0,0.0,1.0188645161290324,0.0,0.0,1.1893516129032258,0.0,0.0,0.869041935483871,0.9467290322580646,1.1739,0,0,1.4479,0,0,0.9381,0.9991,0,0.8824086021505373,-0.4267956989247317
2019-06,6.121333333333333,11.39,0,30,0.07034,0.0,0.0,0.04727666666666666,0.0,0.0,0.0,0.0,1.07886,0.0,0.0,1.13036,0.0,0.0,0.87709,0.9259766666666667,1.1441,0,0,1.4055,0,0,0.922,0.9704,0,1.3035913978494627,0.42118279569892536
2019-07,7.563225806451613,10.91,0,31,0.09109677419354838,0.0,0.0,0.06635483870967741,0.0,0.0,0.04997419354838709,0.0005161290322580645,1.102132258064516,0.0,0.0,1.1812290322580645,0.0,0.0,1.0330612903225806,0.9590548387096773,1.1706,0,0,1.4519,0,0,1.1446,1.0262,0,1.4418924731182798,0.1383010752688172
2019-08,17.175161290322578,24.35,14,31,0.0968483870967742,0.0,0.0,0.19969032258064517,0.0,0.0,0.21411935483870967,0.04869677419354839,1.1085806451612903,0.0,0.0,1.5640387096774193,0.0,0.0,1.249767741935484,1.096032258064516,1.1514,0,0,2.2488,0,0,1.3741,1.1781,0,9.611935483870965,8.170043010752686
2019-09,5.4896666666666665,13.63,0,30,0.05228,0.0,0.0,0.014186666666666665,0.0,0.0,0.0016266666666666667,0.0019933333333333335,1.0554566666666667,0.0,0.0,0.7996599999999999,0.0,0.0,0.92457,0.94065,1.1397,0,0,1.249,0,0,1.0225,1.0386,0,-11.685494623655911,-21.29743010752688
2019-10,6.871935483870968,10.47,0,31,0.04939677419354839,0.0,0.0,0.01679677419354839,0.0,0.0,0.0,0.00038064516129032255,1.0550064516129032,0.0,0.0,0.9194548387096774,0.0,0.0,0.8738290322580645,0.9337580645161291,1.0965,0,0,1.245,0,0,0.9536,1.0101,0,1.3822688172043014,13.067763440860212
2019-11,7.608333333333333,10.23,0,30,0.060673333333333336,0.0,0.0,0.0016166666666666666,0.0,0.0,0.0,0.0,1.06803,0.0,0.0,0.8859833333333333,0.0,0.0,0.9133133333333333,0.9183133333333333,1.1131,0,0,1.0435,0,0,0.956,0.9911,0,0.7363978494623655,-0.6458709677419359
2019-12,3.0925806451612905,4.87,0,31,0.0006064516129032258,0.0,0.0,0.0007774193548387096,0.0,0.0,0.0,0.0,0.9410258064516129,0.0,0.0,0.7074483870967743,0.0,0.0,0.8214806451612904,0.8157741935483871,1.0076,0,0,1.0422,0,0,0.8639,0.9081,0,-4.515752688172043,-5.252150537634408
2020-01,1.19,2.74,0,31,0.0,0.0,0.0,0.0,0.0,0.0,0.0,0.0,0.9148096774193548,0.0,0.0,0.44307741935483874,0.0,0.0,0.8195258064516129,0.7245774193548387,0.9844,0,0,0.545,0,0,0.8887,0.7638,0,-1.9025806451612906,2.6131720430107523
2020-02,9.77655172413793,20.91,1,29,0.0,0.0,0.0,0.006172413793103448,0.0,0.0,0.1503655172413793,0.04900344827586207,0.8924931034482759,0.0,0.0,0.7857275862068966,0.0,0.0,1.1684103448275862,1.0704275862068966,0.9754,0,0,1.3326,0,0,1.317,1.2169,0,8.58655172413793,10.48913236929922
2020-03,45.8674193548387,68.66,31,31,0.3243612903225806,0.0,0.0,0.23131612903225807,0.0,0.0,0.4794935483870968,0.3055548387096774,1.362883870967742,0.0,0.0,1.6534064516129032,0.0,0.0,1.5593290322580644,1.6117483870967741,1.5561,0,0,2.2753,0,0,1.9471,1.9767,1,36.09086763070077,27.50431590656284
2020-04,51.823,68.39,30,30,0.40112,0.0,0.0,0.04054666666666667,0.0,0.0,0.5978566666666667,0.4109933333333334,1.4496966666666666,0.0,0.0,1.0650266666666668,0.0,0.0,1.6973999999999998,1.8228266666666668,1.4983,0,0,1.5102,0,0,1.9674,2.0168,2,5.955580645161298,-30.135286985539473
2020-05,21.93967741935484,36.75,19,31,0.18811612903225805,0.0,0.0,0.007409677419354839,0.0,0.0,0.3290483870967742,0.22336451612903227,1.2109032258064518,0.0,0.0,0.8229290322580645,0.0,0.0,1.3838483870967744,1.4472032258064518,1.3675,0,0,1.1575,0,0,1.5078,1.7055,3,-29.88332258064516,-35.83890322580646
2020-06,23.233666666666668,26.7,30,30,0.1679,0.0,0.0,0.00071,0.0,0.0,0.28430999999999995,0.15364000000000003,1.1882333333333333,0.0,0.0,0.7356266666666667,0.0,0.0,1.3316466666666666,1.3075933333333334,1.2177,0,0,1.0302,0,0,1.3816,1.3507,4,1.2939892473118277,31.177311827956988
2020-07,20.710645161290323,27.7,21,31,0.1903225806451613,0.0,0.0,0.0,0.0,0.0,0.16245806451612904,0.09009032258064517,1.2133838709677418,0.0,0.0,0.6488451612903225,0.0,0.0,1.1895129032258063,1.1803709677419356,1.2478,0,0,0.8128,0,0,1.3154,1.2889,5,-2.523021505376345,-3.817010752688173
2020-08,15.461290322580645,18.62,2,31,0.20166129032258065,0.0,0.0,0.0,0.0,0.0,0.13304516129032257,0.09848387096774193,1.2260870967741935,0.0,0.0,0.6868225806451612,0.0,0.0,1.1551967741935485,1.197158064516129,1.3031,0,0,0.9308,0,0,1.2419,1.2403,0,-5.249354838709678,-2.726333333333333
2020-09,20.937666666666665,28.63,21,30,0.17574666666666666,0.0,0.0,0.0,0.0,0.0,0.1764,0.13142,1.1970266666666667,0.0,0.0,0.8182266666666667,0.0,0.0,1.2057866666666668,1.26313,1.2617,0,0,0.9891,0,0,1.2796,1.3508,1,5.47637634408602,10.725731182795698
2020-10,5.814516129032258,18.71,1,31,0.04147096774193549,0.0,0.0,0.0,0.0,0.0,0.005835483870967742,0.011238709677419356,1.0046709677419354,0.0,0.0,0.6201064516129031,0.0,0.0,0.9191193548387097,0.9739870967741936,1.1723,0,0,0.9533,0,0,1.1175,1.1348,0,-15.123150537634407,-20.59952688172043
2020-11,12.241000000000001,18.67,1,30,0.061746666666666665,0.0,0.0,0.0,0.0,0.0,0.12430333333333334,0.038586666666666665,1.0692300000000001,0.0,0.0,0.5968466666666666,0.0,0.0,1.1449966666666667,1.0772666666666666,1.1779,0,0,0.9242,0,0,1.2036,1.1371,0,6.426483870967743,21.549634408602152
2020-12,10.848064516129034,14.02,0,31,0.030593548387096776,0.0,0.0,0.0,0.0,0.0,0.08049677419354839,0.005312903225806452,1.0339709677419355,0.0,0.0,0.5149354838709678,0.0,0.0,1.0938935483870966,1.003741935483871,1.0862,0,0,0.5834,0,0,1.1271,1.0381,0,-1.3929354838709678,-7.819419354838711
2021-01,13.930645161290323,24.15,9,31,0.12702903225806453,0.0,0.0,0.0,0.0,0.0,0.10680322580645162,0.01487741935483871,1.1420709677419356,0.0,0.0,0.48430645161290325,0.0,0.0,1.1245870967741936,1.0081129032258065,1.3075,0,0,0.7372,0,0,1.2413,1.1592,0,3.08258064516129,4.475516129032258
2021-02,14.9975,24.91,11,28,0.25128214285714284,0.0,0.0,0.0,0.0,0.0,0.11836785714285715,0.03722142857142857,1.2817142857142856,0.0,0.0,0.6363892857142857,0.0,0.0,1.1380785714285715,1.0547642857142858,1.3822,0,0,0.8512,0,0,1.2563,1.1717,0,1.066854838709677,-2.015725806451613
2021-03,6.5683870967741935,9.92,0,31,0.03276451612903226,0.0,0.0,0.0,0.0,0.0,0.013422580645161289,0.008783870967741934,1.0339870967741935,0.0,0.0,0.6989290322580645,0.0,0.0,1.0091709677419356,1.0017548387096775,1.1178,0,0,0.8884,0,0,1.0539,1.0474,0,-8.429112903225807,-9.495967741935484
2021-04,9.923,11.8,0,30,0.09026333333333333,0.0,0.0,0.0,0.0,0.0,0.0049833333333333335,0.00162,1.1010866666666668,0.0,0.0,0.38885666666666663,0.0,0.0,0.99161,0.9473166666666667,1.2263,0,0,0.5463,0,0,1.0458,1.0341,0,3.3546129032258065,11.783725806451613
2021-05,9.019354838709678,11.66,0,31,0.1488064516129032,0.0,0.0,0.0,0.0,0.0,0.036138709677419355,0.005696774193548387,1.1668354838709678,0.0,0.0,0.6704806451612904,0.0,0.0,1.0409774193548387,0.9922903225806451,1.2253,0,0,0.8459,0,0,1.0795,1.0391,0,-0.9036451612903225,-4.258258064516129
2021-06,7.472666666666667,9.6,0,30,0.10426333333333333,0.0,0.0,0.0,0.0,0.0,0.0013266666666666667,0.0010633333333333332,1.1168866666666666,0.0,0.0,0.49103,0.0,0.0,0.9667933333333333,0.9819633333333333,1.1619,0,0,0.6046,0,0,1.0216,1.0237,0,-1.5466881720430106,-0.6430430107526881
2021-07,8.928064516129032,11.32,0,31,0.12346451612903225,0.0,0.0,0.0,0.0,0.0,0.0022387096774193547,0.024751612903225806,1.1384193548387096,0.0,0.0,0.6084709677419355,0.0,0.0,0.9810645161290322,1.0495516129032256,1.2549,0,0,0.8353,0,0,1.0327,1.0788,0,1.455397849462365,3.0020860215053755
2021-08,6.203548387096775,10.41,0,31,0.13396451612903226,0.0,0.0,0.008474193548387096,0.0,0.0,0.003861290322580645,0.0023580645161290323,1.1501806451612904,0.0,0.0,0.8323387096774194,0.0,0.0,0.9574387096774193,0.9601387096774193,1.26,0,0,1.1443,0,0,1.03,1.0325,0,-2.7245161290322573,-4.179913978494622
2021-09,4.614000000000001,6.49,0,30,0.05576333333333334,0.0,0.0,0.0,0.0,0.0,0.0,0.0,1.0625133333333332,0.0,0.0,0.6999966666666667,0.0,0.0,0.88598,0.8988466666666667,1.15,0,0,0.899,0,0,0.9885,0.9937,0,-1.589548387096774,1.1349677419354833
2021-10,7.911935483870968,11.31,0,31,0.1784290322580645,0.0,0.0,0.016603225806451613,0.0,0.0,0.0,0.0,1.1996612903225807,0.0,0.0,0.8686387096774194,0.0,0.0,0.8898967741935484,0.922741935483871,1.3376,0,0,1.2106,0,0,0.9584,0.9931,0,3.297935483870967,4.887483870967741
2021-11,16.04,20.3,14,30,0.53297,0.0,0.0,0.0,0.0,0.0,0.05448666666666667,0.02576,1.5975266666666668,0.0,0.0,0.7104733333333333,0.0,0.0,1.0627733333333333,1.0460433333333332,1.7783,0,0,0.8141,0,0,1.1311,1.128,0,8.128064516129031,4.830129032258064
2021-12,13.926451612903225,16.61,0,31,0.2142483870967742,0.0,0.0,0.0,0.0,0.0,0.0785225806451613,0.047358064516129034,1.2402064516129032,0.0,0.0,0.7936741935483871,0.0,0.0,1.0916032258064516,1.0947354838709678,1.4499,0,0,0.9494,0,0,1.1428,1.1748,0,-2.113548387096774,-10.241612903225805
2022-01,16.59258064516129,22.39,5,31,0.22211290322580646,0.0,0.0,0.061129032258064514,0.0,0.0,0.053203225806451614,0.04118387096774193,1.249016129032258,0.0,0.0,1.0579225806451613,0.0,0.0,1.0620516129032258,1.0824645161290323,1.2795,0,0,1.6932,0,0,1.162,1.1961,0,2.666129032258066,4.77967741935484
2022-02,11.1675,23.59,5,28,0.17137857142857144,0.0,0.0,0.026542857142857142,0.0,0.0,0.07971071428571429,0.04788928571428571,1.1921285714285716,0.0,0.0,0.9830714285714286,0.0,0.0,1.092982142857143,1.0955964285714286,1.3576,0,0,1.5009,0,0,1.2185,1.1857,0,-5.425080645161291,-8.091209677419357
2022-03,16.46741935483871,23.16,11,31,0.18040645161290322,0.0,0.0,0.0,0.0,0.0,0.1627,0.03454193548387097,1.2022612903225807,0.0,0.0,0.7275483870967742,0.0,0.0,1.189790322580645,1.0683774193548388,1.3399,0,0,0.9228,0,0,1.2417,1.162,0,5.2999193548387105,10.725000000000001
2022-04,17.18166666666667,20.58,11,30,0.24217000000000002,0.0,0.0,0.00045,0.0,0.0,0.13932333333333335,0.05937666666666667,1.2715066666666668,0.0,0.0,0.8639333333333333,0.0,0.0,1.16253,1.1188733333333334,1.3449,0,0,1.0196,0,0,1.2219,1.1522,0,0.7142473118279575,-4.585672043010753
2022-05,17.395806451612902,21.19,10,31,0.26190967741935484,0.0,0.0,0.024106451612903226,0.0,0.0,0.17233548387096773,0.06790322580645161,1.293648387096774,0.0,0.0,0.9940193548387096,0.0,0.0,1.2010258064516128,1.1359483870967741,1.3586,0,0,1.2901,0,0,1.23,1.1889,0,0.21413978494623365,-0.5001075268817239
2022-06,22.481333333333332,42.87,15,30,0.34348333333333336,0.0,0.0,0.12917,0.0,0.0,0.12395666666666667,0.08021333333333333,1.3850866666666666,0.0,0.0,1.2428766666666666,0.0,0.0,1.1445933333333334,1.1605933333333334,1.643,0,0,2.0114,0,0,1.3182,1.3384,0,5.08552688172043,4.871387096774196
2022-07,39.63290322580645,45.29,31,31,0.5155741935483871,0.0,0.0,0.12074516129032259,0.0,0.0,0.2633,0.18607419354838708,1.5780096774193548,0.0,0.0,1.3410677419354837,0.0,0.0,1.307132258064516,1.3725677419354838,1.6598,0,0,1.737,0,0,1.3614,1.4019,1,17.15156989247312,12.06604301075269
2022-08,18.654516129032256,36.01,14,31,0.3167419354838709,0.0,0.0,0.03383870967741935,0.0,0.0,0.12656774193548387,0.0871516129032258,1.3551064516129032,0.0,0.0,1.0808419354838708,0.0,0.0,1.1476,1.1744806451612904,1.4564,0,0,1.2636,0,0,1.3514,1.3852,0,-20.978387096774195,-38.12995698924732
2022-09,18.55666666666667,34.0,11,30,0.30622,0.0,0.0,0.14627666666666667,0.0,0.0,0.09513333333333333,0.07728,1.3433,0.0,0.0,1.4131766666666665,0.0,0.0,1.1109633333333333,1.1547066666666665,1.4127,0,0,2.148,0,0,1.2671,1.3184,0,-0.09784946236558767,20.880537634408608
2022-10,40.21387096774193,48.9,31,31,0.4833096774193548,0.0,0.0,0.18891935483870967,0.0,0.0,0.2693032258064516,0.17375483870967742,1.5418451612903228,0.0,0.0,1.5336290322580644,0.0,0.0,1.3141354838709678,1.3478806451612904,1.6556,0,0,2.1971,0,0,1.4172,1.4097,1,21.657204301075264,21.755053763440852
2022-11,39.19133333333333,51.72,30,30,0.43448,0.0,0.0,0.05740666666666667,0.0,0.0,0.33470333333333335,0.15509333333333333,1.4871133333333333,0.0,0.0,1.1617766666666667,0.0,0.0,1.3904366666666665,1.31053,1.6798,0,0,1.3153,0,0,1.4905,1.3993,2,-1.0225376344086001,-22.679741935483865
2022-12,32.74967741935484,36.05,31,31,0.36202580645161286,0.0,0.0,0.16990967741935484,0.0,0.0,0.13689032258064515,0.08502258064516129,1.4058709677419354,0.0,0.0,1.4799064516129032,0.0,0.0,1.1596903225806452,1.170225806451613,1.4358,0,0,1.7688,0,0,1.2125,1.2081,3,-6.441655913978494,-5.419118279569894
2023-01,26.00258064516129,37.68,23,31,0.33549677419354834,0.0,0.0,0.04474838709677419,0.0,0.0,0.1422032258064516,0.04093225806451613,1.3761290322580646,0.0,0.0,0.9673709677419354,0.0,0.0,1.1658741935483872,1.081067741935484,1.4842,0,0,1.6137,0,0,1.2311,1.1495,4,-6.7470967741935475,-0.3054408602150538
2023-02,17.041428571428572,23.08,6,28,0.3252785714285714,0.0,0.0,0.0,0.0,0.0,0.09645357142857143,0.008146428571428572,1.3646714285714285,0.0,0.0,0.7451249999999999,0.0,0.0,1.112525,1.0038142857142858,1.4554,0,0,0.8406,0,0,1.1878,1.0618,0,-8.96115207373272,-2.2140552995391722
2023-03,18.60741935483871,26.06,10,31,0.22123225806451613,0.0,0.0,0.0,0.0,0.0,0.07169354838709678,0.04422258064516129,1.2480354838709675,0.0,0.0,0.8268612903225806,0.0,0.0,1.083067741935484,1.0815935483870969,1.3954,0,0,0.9268,0,0,1.2075,1.2119,0,1.5659907834101396,10.52714285714286
2023-04,19.830666666666666,26.3,19,30,0.23351333333333332,0.0,0.0,0.0009166666666666666,0.0,0.0,0.09437666666666668,0.06532333333333333,1.2618,0.0,0.0,0.7334499999999999,0.0,0.0,1.1100833333333333,1.1307800000000001,1.3323,0,0,1.0395,0,0,1.2085,1.2248,1,1.2232473118279543,-0.3427434715821853
2023-05,12.434193548387096,16.7,0,31,0.06569354838709678,0.0,0.0,0.007429032258064516,0.0,0.0,0.046829032258064514,0.05248387096774194,1.0736516129032259,0.0,0.0,0.869716129032258,0.0,0.0,1.0504225806451613,1.1050774193548387,1.1369,0,0,1.1681,0,0,1.1191,1.1687,0,-7.3964731182795695,-8.619720430107524
2023-06,7.095,10.95,0,30,0.08438333333333332,0.0,0.0,0.0,0.0,0.0,0.0,0.00821,1.0945966666666667,0.0,0.0,0.6475833333333333,0.0,0.0,0.9253033333333334,1.0096333333333334,1.1744,0,0,0.8128,0,0,0.974,1.074,0,-5.3391935483870965,2.057279569892473
2023-07,11.17225806451613,12.72,0,31,0.13391290322580646,0.0,0.0,0.0,0.0,0.0,0.004109677419354838,0.010267741935483871,1.1501354838709679,0.0,0.0,0.7069354838709677,0.0,0.0,0.9833903225806452,1.0184645161290322,1.204,0,0,0.8512,0,0,1.0416,1.0828,0,4.077258064516131,9.416451612903227
2023-08,8.749677419354839,11.54,0,31,0.07525483870967742,0.0,0.0,0.0,0.0,0.0,0.04560322580645161,0.022129032258064514,1.0843709677419353,0.0,0.0,0.8808774193548388,0.0,0.0,1.0531967741935484,1.0381225806451613,1.1127,0,0,0.9891,0,0,1.0966,1.1137,0,-2.4225806451612915,-6.499838709677422
2023-09,14.193000000000001,16.63,0,30,0.23858333333333331,0.0,0.0,0.0,0.0,0.0,0.005143333333333333,0.001093333333333333,1.2674766666666666,0.0,0.0,0.7250233333333332,0.0,0.0,0.9840266666666667,0.9843533333333333,1.3748,0,0,0.9308,0,0,1.0487,1.0179,0,5.443322580645162,7.865903225806454
2023-10,12.930967741935484,27.8,8,31,0.19417096774193549,0.0,0.0,0.0047419354838709685,0.0,0.0,0.010980645161290324,0.003232258064516129,1.2176838709677418,0.0,0.0,0.7953870967741935,0.0,0.0,0.9097129032258064,0.9013967741935484,1.451,0,0,1.0926,0,0,1.0939,1.0707,0,-1.262032258064517,-6.705354838709679
2023-11,21.505,28.67,21,30,0.2858733333333333,0.0,0.0,0.013309999999999999,0.0,0.0,0.10748333333333333,0.048479999999999995,1.3204866666666668,0.0,0.0,0.9168733333333333,0.0,0.0,1.1241866666666667,1.0969333333333333,1.4409,0,0,1.2066,0,0,1.2032,1.1565,1,8.574032258064515,9.836064516129031
2023-12,18.096774193548388,23.33,14,31,0.22669032258064517,0.0,0.0,0.0,0.0,0.0,0.02504516129032258,0.021158064516129033,1.254151612903226,0.0,0.0,0.7903774193548387,0.0,0.0,1.022851612903226,1.035141935483871,1.3075,0,0,0.9666,0,0,1.0797,1.0906,0,-3.408225806451611,-11.982258064516126
2024-01,17.106451612903225,22.09,6,31,0.17240645161290322,0.0,0.0,0.021629032258064517,0.0,0.0,0.0,0.0,1.1932870967741935,0.0,0.0,0.9320387096774193,0.0,0.0,0.970858064516129,0.9272322580645161,1.2457,0,0,1.1801,0,0,0.997,0.9869,0,-0.990322580645163,2.417903225806448
2024-02,12.74896551724138,20.69,7,29,0.13537241379310344,0.0,0.0,0.0,0.0,0.0,0.01807241379310345,0.0073379310344827585,1.1517689655172414,0.0,0.0,0.6791344827586208,0.0,0.0,1.0019103448275861,0.9492655172413793,1.2606,0,0,0.8817,0,0,1.0764,1.0651,0,-4.357486095661844,-3.3671635150166814
2024-03,11.259677419354839,13.01,0,31,0.12873225806451613,0.0,0.0,0.0,0.0,0.0,0.0,0.0,1.1443258064516129,0.0,0.0,0.5732193548387097,0.0,0.0,0.9398516129032258,0.847574193548387,1.191,0,0,0.6789,0,0,0.9798,0.9013,0,-1.4892880978865417,2.8681979977753027
2024-04,9.459,11.76,0,30,0.12277666666666667,0.0,0.0,0.0,0.0,0.0,0.0012266666666666667,0.00034333333333333335,1.1376433333333333,0.0,0.0,0.56152,0.0,0.0,0.9327799999999999,0.88578,1.2202,0,0,0.7094,0,0,1.0201,1.0152,0,-1.8006774193548392,-0.31138932146829745
2024-05,5.137419354838709,13.34,0,31,0.08562903225806452,0.0,0.0,0.0,0.0,0.0,0.01032258064516129,0.006051612903225806,1.096006451612903,0.0,0.0,0.45773870967741936,0.0,0.0,0.937216129032258,0.9015,1.2269,0,0,0.659,0,0,1.069,1.078,0,-4.321580645161291,-2.5209032258064514
2024-06,6.021333333333333,11.19,0,30,0.08089333333333333,0.0,0.0,0.0,0.0,0.0,0.0,0.0,1.0906866666666666,0.0,0.0,0.55242,0.0,0.0,0.8563966666666667,0.8971333333333332,1.1821,0,0,0.6868,0,0,0.9262,0.9757,0,0.8839139784946237,5.205494623655914
2024-07,12.183548387096774,14.09,0,31,0.12532903225806452,0.0,0.0,0.0,0.0,0.0,0.0013580645161290323,0.024525806451612904,1.1405193548387096,0.0,0.0,0.6237354838709677,0.0,0.0,0.9770129032258064,1.0488483870967742,1.1958,0,0,0.8154,0,0,1.0155,1.083,0,6.1622150537634415,5.278301075268818
2024-08,16.025806451612905,25.1,9,31,0.1837225806451613,0.0,0.0,0.061870967741935484,0.0,0.0,0.11410000000000001,0.06054193548387097,1.2059709677419355,0.0,0.0,1.0171096774193549,0.0,0.0,1.1262709677419356,1.1176612903225807,1.2606,0,0,1.5222,0,0,1.2452,1.2378,0,3.8422580645161304,-2.319956989247311
2024-09,13.037,23.09,10,30,0.24131333333333332,0.0,0.0,0.02412,0.0,0.0,0.0,0.004683333333333334,1.2705333333333333,0.0,0.0,0.86154,0.0,0.0,0.92966,0.9608666666666666,1.4205,0,0,1.3127,0,0,0.9751,1.0475,0,-2.988806451612904,-6.831064516129034
2024-10,10.686451612903225,21.11,2,31,0.20032903225806453,0.0,0.0,0.0,0.0,0.0,0.006996774193548386,0.0015419354838709677,1.2245677419354837,0.0,0.0,0.6464967741935483,0.0,0.0,0.934416129032258,0.9378225806451613,1.31,0,0,0.773,0,0,1.0859,1.0641,0,-2.350548387096776,0.638258064516128
2024-11,20.738999999999997,22.21,30,30,0.15701,0.0,0.0,0.00415,0.0,0.0,0.11974666666666667,0.04543,1.1760366666666668,0.0,0.0,0.88324,0.0,0.0,1.1396766666666667,1.0909433333333332,1.2827,0,0,1.074,0,0,1.1783,1.1092,1,10.052548387096772,12.403096774193548
2024-12,48.493870967741934,68.57,31,31,0.23290967741935484,0.0,0.0,0.016767741935483874,0.0,0.0,0.38897096774193546,0.18044516129032256,1.2611096774193549,0.0,0.0,0.9683129032258065,0.0,0.0,1.4537290322580647,1.3612709677419355,1.3841,0,0,1.2119,0,0,1.7068,1.5537,2,27.754870967741937,17.702322580645166
2025-01,33.60258064516129,45.23,29,31,0.26442258064516133,0.0,0.0,0.0,0.0,0.0,0.22986451612903225,0.0838516129032258,1.296441935483871,0.0,0.0,0.684641935483871,0.0,0.0,1.2678451612903225,1.1658129032258064,1.3691,0,0,0.9109,0,0,1.4375,1.3372,3,-14.891290322580645,-42.64616129032258
2025-02,15.776071428571429,28.89,10,28,0.19161071428571427,0.0,0.0,0.0,0.0,0.0,0.08093214285714286,0.006171428571428572,1.214807142857143,0.0,0.0,0.6405607142857143,0.0,0.0,1.0944035714285714,0.9791321428571429,1.4743,0,0,0.7704,0,0,1.2262,1.0604,0,-17.826509216589862,-2.9352188940092176
2025-03,24.411290322580644,32.34,29,31,0.23271290322580646,0.0,0.0,0.0,0.0,0.0,0.11309354838709677,0.015622580645161291,1.2608870967741934,0.0,0.0,0.8218290322580646,0.0,0.0,1.131925806451613,1.0308548387096774,1.3605,0,0,0.9852,0,0,1.1731,1.0635,1,8.635218894009215,26.461728110599076
2025-04,43.43866666666667,50.54,30,30,0.36884666666666666,0.0,0.0,0.04796,0.0,0.0,0.38803666666666664,0.11206666666666668,1.4135066666666667,0.0,0.0,1.0566766666666667,0.0,0.0,1.4526533333333334,1.2243866666666667,1.5269,0,0,1.4665,0,0,1.5842,1.3115,2,19.027376344086026,10.39215745007681
2025-05,16.570967741935487,33.43,11,31,0.17544193548387096,0.0,0.0,0.0,0.0,0.0,0.0678516129032258,0.03520967741935484,1.1966935483870966,0.0,0.0,0.5689870967741936,0.0,0.0,1.0788709677419355,1.0702354838709678,1.4133,0,0,0.7903,0,0,1.3063,1.1994,0,-26.867698924731183,-45.89507526881721
2025-06,22.424666666666667,33.49,21,30,0.27263333333333334,0.0,0.0,0.0,0.0,0.0,0.05769666666666667,0.02740666666666667,1.3056433333333333,0.0,0.0,0.4484333333333333,0.0,0.0,1.0673,1.0476033333333334,1.4533,0,0,0.7213,0,0,1.1521,1.1774,1,5.85369892473118,32.72139784946236
2025-07,29.038709677419355,39.22,31,31,0.3625193548387097,0.0,0.0,0.0,0.0,0.0,0.11621290322580645,0.0302258064516129,1.4064290322580646,0.0,0.0,0.4674548387096774,0.0,0.0,1.1355677419354837,1.0605129032258065,1.5021,0,0,0.5317,0,0,1.2029,1.1287,2,6.614043010752688,0.760344086021508
2025-08,20.57193548387097,24.41,20,31,0.27132580645161286,0.0,0.0,0.0,0.0,0.0,0.09756129032258064,0.010770967741935483,1.3041903225806453,0.0,0.0,0.5997612903225806,0.0,0.0,1.1138032258064516,0.9974612903225806,1.3529,0,0,0.7903,0,0,1.1848,1.0599,3,-8.466774193548385,-15.080817204301074
2025-09,26.59466666666667,29.79,30,30,0.3659766666666667,0.0,0.0,0.0,0.0,0.0,0.018096666666666664,0.0002433333333333333,1.4102833333333333,0.0,0.0,0.48392,0.0,0.0,1.0210733333333333,0.9776433333333333,1.4794,0,0,0.7863,0,0,1.0541,1.0058,4,6.022731182795699,14.489505376344084
2025-10,19.903548387096773,47.6,14,31,0.2732032258064516,0.0,0.0,0.0,0.0,0.0,0.01842258064516129,0.003019354838709677,1.3062806451612903,0.0,0.0,0.465741935483871,0.0,0.0,0.9442161290322582,0.901183870967742,1.6085,0,0,0.7279,0,0,1.2047,1.1041,0,-6.691118279569896,-12.713849462365594
2025-11,45.006,49.69,30,30,0.4415733333333333,0.0,0.0,0.0005133333333333333,0.0,0.0,0.27732666666666667,0.08175666666666667,1.49504,0.0,0.0,0.8079266666666667,0.0,0.0,1.3235033333333335,1.1636833333333334,1.6194,0,0,1.0435,0,0,1.432,1.2328,1,25.102451612903227,31.793569892473123
2025-12,43.96387096774194,49.33,31,31,0.41179354838709675,0.0,0.0,0.0,0.0,0.0,0.3037516129032258,0.07762903225806451,1.4616548387096775,0.0,0.0,0.6081290322580645,0.0,0.0,1.3543193548387096,1.1554193548387095,1.4932,0,0,0.83,0,0,1.4232,1.2279,2,-1.0421290322580603,-26.144580645161287
2026-01,37.890967741935484,52.75,31,31,0.3756129032258065,0.0,0.0,0.0,0.0,0.0,0.2484741935483871,0.029138709677419355,1.4211,0.0,0.0,0.48537419354838707,0.0,0.0,1.289822580645161,1.0570870967741937,1.626,0,0,0.5768,0,0,1.3949,1.1498,3,-6.072903225806456,-5.030774193548396
2026-02,50.26107142857143,63.74,28,28,0.5570392857142857,0.0,0.0,0.0,0.0,0.0,0.32383214285714285,0.07951785714285715,1.6244999999999998,0.0,0.0,0.6039178571428572,0.0,0.0,1.3777571428571427,1.1566428571428573,1.7995,0,0,0.8884,0,0,1.5176,1.2677,4,12.370103686635943,18.4430069124424
2026-03,36.011,61.17,9,10,0.40427,0.0,0.0,0.0,0.0,0.0,0.27784,0.05392,1.43828,0.0,0.0,0.5911,0.0,0.0,1.2942,1.05643,1.8508,0,0,0.8844,0,0,1.625,1.3342,5,-14.250071428571424,-26.620175115207367
